question,answer,contexts,ground_truth,faithfulness,answer_relevancy,context_precision,context_recall
"What HbA1c target is recommended for adults with type 2 diabetes on dual therapy, and when should a third agent be added?","For adults with type 2 diabetes on dual therapy, the recommended HbA1c target is 53 mmol/mol (7.0%). If HbA1c levels are not adequately controlled and rise to 58 mmol/mol (7.5%) or higher, a third agent should be added to intensify treatment. 

Guideline references used: [1], [3]","[""Type 2 diabetes in adults: management (NG28) • 3 to 6 months (tailored to individual needs) until HbA1c is stable on unchanging therapy • 6 months once the HbA1c level and blood glucose lowering therapy are stable. [2015] 1.5.2 Measure HbA1c using methods calibrated according to International Federation of Clinical Chemistry (IFCC) standardisation. [2015] 1.5.3 If HbA1c monitoring is invalid because of disturbed erythrocyte turnover or abnormal haemoglobin type, estimate trends in blood glucose control using one of the following: • quality-controlled plasma glucose profiles • total glycated haemoglobin estimation (if abnormal haemoglobins) • fructosamine estimation. [2015] 1.5.4 Investigate unexplained discrepancies between HbA1c and other glucose measurements. Seek advice from a team with specialist expertise in diabetes or clinical biochemistry. [2015] Targets NICE has produced a patient decision aid on agreeing HbA1c targets, which also covers factors to weigh up when discussing HbA1c targets with patients. 1.5.5 Discuss and agree an individual HbA1c target with adults with type 2 diabetes (see recommendations 1.5.6 to 1.5.10). Encourage them to reach their target and maintain it, unless any resulting adverse effects (including hypoglycaemia), or their efforts to achieve their target impair their quality of life. Think about using the NICE patient decision aid on weighing up HbA1c targets to support these discussions. [2015, amended 2022] 1.5.6 Offer advice on healthy living, and medicines, to support adults with type 2 diabetes to reach and maintain their HbA1c target (see the sections on dietary © NICE 2026. All rights reserved. Subject to Notice of rights (https://www.nice.org.uk/terms-and- Page 16 of conditions#notice-of-rights). 124 Type 2 diabetes in adults: management (NG28) advice, bariatric surgery, and person-centred medicines, and the NHS Better Health website). For more information about supporting adherence, see NICE's guideline on medicines adherence. [2015, amended 2026] 1.5.7 For adults whose type 2 diabetes is managed either by healthy living and diet, or healthy living and diet combined with an initial medication regimen that is not associated with hypoglycaemia (see the section on initial medicines), support them to aim for an HbA1c level of 48 mmol/mol (6.5%). For adults on a medicine associated with hypoglycaemia, support them to aim for an HbA1c level of 53 mmol/mol (7.0%). [2015, amended 2026] 1.5.8 In adults with type 2 diabetes, if HbA1c levels are not adequately controlled by the initial medication regimen and rise to 58 mmol/mol (7.5%) or higher: • reinforce advice about diet, healthy living and adherence to medicines and • support the person to aim for an HbA1c level of 53 mmol/mol (7.0%) and • intensify medicines. [2015, amended 2026] 1.5.9 Consider relaxing the target HbA1c level (see recommendations 1.5.7 and 1.5.8 and NICE's patient decision aid on type 2 diabetes: agreeing someone's blood glucose (HbA1c) target) on a case-by-case basis and in discussion with adults with type 2 diabetes, with particular consideration for people who are older or frailer, if: • they are unlikely to achieve longer-term risk-reduction benefits, for example, people with a reduced life expectancy • tight blood glucose control would put them""
 ""target) on a case-by-case basis and in discussion with adults with type 2 diabetes, with particular consideration for people who are older or frailer, if: • they are unlikely to achieve longer-term risk-reduction benefits, for example, people with a reduced life expectancy • tight blood glucose control would put them at high risk if they developed hypoglycaemia, for example, if they are at risk of falling, they have impaired awareness of hypoglycaemia, or they drive or operate machinery as part of their job • intensive management would not be appropriate, for example if they have significant comorbidities. [2015, amended 2022] 1.5.10 If adults with type 2 diabetes reach an HbA1c level that is lower than their target and they are not experiencing hypoglycaemia, encourage them to maintain it. Be © NICE 2026. All rights reserved. Subject to Notice of rights (https://www.nice.org.uk/terms-and- Page 17 of conditions#notice-of-rights). 124 Type 2 diabetes in adults: management (NG28) aware that there are other possible reasons for a low HbA1c level, for example deteriorating renal function or sudden weight loss. [2015] 1.5.11 For guidance on HbA1c targets in pregnancy, see NICE's guideline on diabetes in pregnancy. [2015] 1.6 Self-monitoring of capillary blood glucose These recommendations relate to self-monitoring by capillary blood glucose monitoring. 1.6.1 Take the Driver and Vehicle Licensing Agency (DVLA)'s Assessing fitness to drive: a guide for medical professionals into account when offering self-monitoring of capillary blood glucose levels for adults with type 2 diabetes. [2015, amended 2022] 1.6.2 Do not routinely offer self-monitoring of capillary blood glucose levels for adults with type 2 diabetes unless: • the person is on insulin or • there is evidence of hypoglycaemic episodes or • the person is on oral medication that may increase their risk of hypoglycaemia while driving or operating machinery or • they are pregnant or are planning to become pregnant (see NICE's guideline on diabetes in pregnancy). [2015, amended 2022] 1.6.3 Consider short-term self-monitoring of capillary blood glucose levels in adults with type 2 diabetes, reviewing treatment as necessary: • when starting treatment with oral or intravenous corticosteroids or • to confirm suspected hypoglycaemia. [2015, amended 2022] 1.6.4 Be aware that adults with type 2 diabetes who have acute intercurrent illness are at risk of worsening hyperglycaemia. Review treatment as necessary. [2015] © NICE 2026. All rights reserved. Subject to Notice of rights (https://www.nice.org.uk/terms-and- Page 18 of conditions#notice-of-rights). 124 Type 2 diabetes in adults: management (NG28) 1.6.5 If adults with type 2 diabetes are self-monitoring their capillary blood glucose levels, carry out a structured assessment at least annually. The assessment should include: • the person's self-monitoring skills • the quality and frequency of testing • checking that the person knows how to interpret the blood glucose results and what action to take • the impact on the person's quality of life • the continued benefit to the person • the equipment used. [2015, amended 2022] 1.7 Continuous glucose monitoring 1.7.1 Offer intermittently scanned continuous glucose monitoring (isCGM, commonly referred to as 'flash') to""
 ""pen devices for subcutaneous injection are: • £133.00 for 2.5 mg • £180.00 for 5 mg • £255.00 for 7.5 mg and 10 mg • £330.00 for 12.5 mg and 15 mg. 2.4 The company has a commercial arrangement. This makes tirzepatide available to the NHS at a cost-effective price determined by NICE. The details of this arrangement are commercial in confidence. © NICE 2026. All rights reserved. Subject to Notice of rights (https://www.nice.org.uk/terms-and- Page 6 of conditions#notice-of-rights). 25 Tirzepatide for treating type 2 diabetes (TA924) 3 Committee discussion The evaluation committee considered evidence submitted by Eli Lilly, a review of this submission by the external assessment group (EAG), and response from the company. See the committee papers for full details of the evidence. Clinical management Unmet need 3.1 Type 2 diabetes is a chronic metabolic condition caused by reduced tissue sensitivity to insulin (known as insulin resistance) and loss of endogenous insulin production. This leads to elevated blood glucose levels (hyperglycaemia). Type 2 diabetes is serious and sometimes progressive condition that can greatly affect the health and wellbeing of people with it. If not managed effectively, it can lead to devastating, life-changing complications. An estimated 90% of adults with type 2 diabetes are living with overweight or obesity at diagnosis. This is linked to difficulties in managing blood glucose levels and to an increased risk of complications. The clinical experts explained that there are 8 different classes of glucose lowering treatments available (in addition to lifestyle interventions; see section 3.2). But despite this, fewer than 2 in 3 people with type 2 diabetes have HbA1c levels below 53 mmol/mol (7%), highlighting the need for further treatment options. The committee noted the high unmet need for new treatment options in type 2 diabetes. Treatment options 3.2 Treatment options in diabetes are tailored to the individual circumstances of people with type 2 diabetes, such as their HbA1c levels, cardiovascular risk and kidney function. Current first-line treatment options in NHS practice include: • metformin for people not at high risk of cardiovascular disease • metformin plus a sodium glucose co-transporter 2 (SGLT2) inhibitor for © NICE 2026. All rights reserved. Subject to Notice of rights (https://www.nice.org.uk/terms-and- Page 7 of conditions#notice-of-rights). 25 Tirzepatide for treating type 2 diabetes (TA924) people at high risk of cardiovascular disease • a dipeptidyl peptidase-4 (DPP-4) inhibitor, pioglitazone, sulfonylurea or an SGLT2 inhibitor if metformin is contraindicated. If a person's HbA1c levels are not controlled below an individually agreed threshold, second-line treatment involves switching to or adding a DPP-4 inhibitor, pioglitazone, sulfonylurea or an SGLT2 inhibitor. People can also switch to or add an SGLT2 inhibitor if they develop cardiovascular disease or a high risk of cardiovascular disease. If dual therapy is not adequately controlling HbA1c levels, people can either start triple therapy by adding another oral antidiabetic drug, or start insulin-based treatment (with or without other drugs). If triple therapy with metformin and 2 other oral antidiabetics is ineffective, not tolerated or contraindicated, people can switch one""
 ""in insulin therapy. [2015, amended 2026] 1.32.2 When initiating insulin for adults with type 2 diabetes: • continue to offer metformin to people already taking it • stop any other medicines being used solely to manage hyperglycaemia • discuss with the person the risks and benefits of continuing medicines for other benefits such as cardiovascular protection or weight management. [2015, amended 2026] For a short explanation of why the committee made the 2026 amendments to the recommendations and how they might affect practice, see the rationale and impact section on insulin-based treatments. 1.33 Choosing a type of insulin 1.33.1 Offer basal insulin intended for administration once or twice a day to adults with type 2 diabetes as initial insulin therapy. [2015, amended 2026] 1.33.2 As initial insulin therapy for adults with type 2 diabetes, especially if the person's HbA1c is 75 mmol/mol (9.0%) or higher, consider combining: • basal insulin intended for administration once or twice a day and © NICE 2026. All rights reserved. Subject to Notice of rights (https://www.nice.org.uk/terms-and- Page 53 of conditions#notice-of-rights). 124 Type 2 diabetes in adults: management (NG28) • short or rapid acting insulin. This should be injected either separately or as a pre-mixed (biphasic) insulin preparation. [2015, amended 2026] For a short explanation of why the committee made the 2026 amendments to the recommendations and how they might affect practice, see the rationale and impact section on insulin-based treatments. 1.34 Choosing a preparation 1.34.1 Make a shared decision with the person on the choice of basal insulin preparation, based on considerations that are specific to them, including whether: • the person needs help from a carer or healthcare professional to inject insulin or • there is a particular concern about nocturnal hypoglycaemia or • the person has a strong preference for once-daily injections. When multiple basal insulin types (including biosimilars) and regimens are equally suitable for the person's needs, use the least expensive option. [2015, amended 2026] 1.34.2 Consider pre-mixed preparations that include insulin analogues rather than including human insulin, if: • the person prefers injecting insulin immediately before a meal or • hypoglycaemia is a problem or • blood glucose levels rise markedly after meals. [2015, amended 2026] © NICE 2026. All rights reserved. Subject to Notice of rights (https://www.nice.org.uk/terms-and- Page 54 of conditions#notice-of-rights). 124 Type 2 diabetes in adults: management (NG28) For a short explanation of why the committee made the 2026 amendments to the recommendations and how they might affect practice, see the rationale and impact section on insulin-based treatments. 1.35 Reviews 1.35.1 At each review, check whether adults with type 2 diabetes who are on a basal insulin regimen also need a short or rapid acting bolus insulin before meals (or a pre-mixed [biphasic] insulin preparation). [2015, amended 2026] 1.35.2 At each review, check whether adults with type 2 diabetes who are using a pre- mixed (biphasic) preparation and whose individualised glycaemic targets are not met, need to change to: • a different pre-mixed (biphasic) insulin preparation or • a""
 ""saturated and trans fatty acids. [2009] 1.3.4 For recommendations on low-energy and very-low-energy diets for the management of type 2 diabetes, follow the: • NHS Type 2 diabetes Path to Remission Programme • NICE guideline on overweight and obesity management. [2026] 1.3.5 Integrate dietary advice with a personalised diabetes management plan, including other aspects of healthy living such as increasing physical activity and losing weight (see the NHS Better Health website). [2009, amended 2026] 1.3.6 Individualise recommendations for carbohydrate and alcohol intake, and meal patterns. Make reducing the risk of hypoglycaemia a particular aim for people using insulin or an insulin secretagogue. [2009] 1.3.7 Advise adults with type 2 diabetes that they can substitute a limited amount of sucrose-containing foods for other carbohydrates in the meal plan but should take care to avoid excess energy intake. [2009] 1.3.8 Discourage adults with type 2 diabetes from using foods marketed specifically for people with diabetes. [2009] 1.3.9 When adults with type 2 diabetes are admitted as inpatients to hospital or any other care setting, implement a meal planning system that provides consistency in the carbohydrate content of meals and snacks. [2009] © NICE 2026. All rights reserved. Subject to Notice of rights (https://www.nice.org.uk/terms-and- Page 13 of conditions#notice-of-rights). 124 Type 2 diabetes in adults: management (NG28) 1.3.10 For recommendations on wellbeing advice, see NICE's guidelines on overweight and obesity management, physical activity: brief advice for adults in primary care, and tobacco. [2015, amended 2026] 1.4 Bariatric surgery 1.4.1 For recommendations on bariatric surgery for people with recent-onset type 2 diabetes, see the section on surgical interventions in NICE's guideline on overweight and obesity management. [2015] © NICE 2026. All rights reserved. Subject to Notice of rights (https://www.nice.org.uk/terms-and- Page 14 of conditions#notice-of-rights). 124 Type 2 diabetes in adults: management (NG28) Blood glucose management People have the right to be involved in discussions and make informed decisions about their care, as described in NICE's information on making decisions about your care. Making decisions using NICE guidelines explains how we use words to show the strength (or certainty) of our recommendations, and has information about prescribing medicines (including off-label use), professional guidelines, standards and laws (including on consent and mental capacity), and safeguarding. Healthcare professionals should follow our general guidelines for people delivering care: • Patient experience in adult NHS services • Shared decision making • Medicines adherence • Medicines optimisation • Multimorbidity • Decision making and mental capacity. Read this guideline alongside the NHS Type 2 diabetes Path to Remission Programme. 1.5 HbA1c measurement and targets Measurement 1.5.1 Measure HbA1c levels in adults with type 2 diabetes every: © NICE 2026. All rights reserved. Subject to Notice of rights (https://www.nice.org.uk/terms-and- Page 15 of conditions#notice-of-rights). 124 Type 2 diabetes in adults: management (NG28) • 3 to 6 months (tailored to individual needs) until HbA1c is stable on unchanging therapy • 6 months once the HbA1c level and blood glucose lowering therapy are stable. [2015] 1.5.2 Measure HbA1c using methods calibrated according to International Federation of Clinical""]","For adults with type 2 diabetes and no relevant comorbidity who need further medicines to reach their individualised glycaemic targets, a DPP-4 inhibitor is the first choice. If a DPP-4 inhibitor is not effective or tolerated, a sulfonylurea or pioglitazone should be considered. Insulin-based treatment is reserved for specific scenarios such as managing acute hyperglycaemia.",0.3333333333333333,0.7888220804282448,0.0,0.3333333333333333
Should SGLT-2 inhibitors be continued if they do not help a person with type 2 diabetes reach their individualised glycaemic targets?,"Yes, SGLT-2 inhibitors should be continued for their cardiovascular or renal benefits, even if they do not help the person reach their individualized glycaemic targets. 

Guideline references used: [4]","['1.12.1 Why the committee made the recommendation Analysis showed that, for people with type 2 diabetes who are eligible to receive SGLT-2 inhibitors, the uptake was low considering it was recommended by NICE since 2022. This was associated with age, gender, ethnicity and areas of deprivation. To address this issue, the committee made a recommendation outlining actions for commissioners, providers and healthcare professionals to identify those who are eligible to receive SGLT-2 inhibitors but who are currently not taking them, and to encourage them to do so. Achieving higher and more equal uptake of SGLT-2 inhibitors will mean that people living in the most deprived areas will experience greater net benefits. This, combined with the recommendation for research to assess how prescribing and © NICE 2026. All rights reserved. Subject to Notice of rights (https://www.nice.org.uk/terms-and- Page 75 of conditions#notice-of-rights). 124 Type 2 diabetes in adults: management (NG28) access to SGLT-2 inhibitors can be improved for people with type 2 diabetes from the most deprived groups, may help to address health inequalities. How the recommendation might affect practice The recommendation will encourage the assessment of SGLT-2 inhibitor uptake in different groups of people to ensure universal access to treatment. This would increase the number of people taking SGLT-2 inhibitors and help to address health inequalities. This may require additional resources to make interventions to support people in more deprived areas. However, this is more likely to reduce poor outcomes in the long term by supporting people who are more likely to experience adverse health outcomes. Return to recommendation Initial medicines: people with type 2 diabetes and no relevant comorbidities Recommendations 1.13.1 and 1.13.2 Why the committee made the recommendations Metformin and SGLT-2 inhibitors There is good evidence that managing type 2 diabetes should aim to improve health holistically (in particular, cardiovascular and renal protection), rather than just aim to meet HbA1c targets. The evidence on antidiabetic therapies covered a diverse patient group, including, in varying proportions, people: • with multiple cardiovascular risk factors • with atherosclerotic cardiovascular disease, heart failure or chronic kidney disease • who likely had a lower cardiovascular risk. The committee agreed that this population likely reflected the population that will be seen most often in general practice. © NICE 2026. All rights reserved. Subject to Notice of rights (https://www.nice.org.uk/terms-and- Page 76 of conditions#notice-of-rights). 124 Type 2 diabetes in adults: management (NG28) Overall, network and pairwise meta-analyses comparing antidiabetic therapies showed that treatment combining metformin with an SGLT-2-inhibitor was more clinically effective at reducing HbA1c, weight and cardiovascular events than: • any other therapy combining metformin with 1 other medicine, and • metformin alone. Cardiovascular events covered by the evidence included cardiovascular mortality, myocardial infarction, non-fatal stroke and hospitalisation for heart failure. The evidence also showed that canagliflozin and dapagliflozin reduced the risk of end- stage renal failure. Benefits outweigh the risk of adverse events The committee weighed the greater likelihood of cardiovascular and renal benefits against the risk of volume depletion and genital mycotic infections. The evidence'
 ""some people with frailty and type 2 diabetes. There was no specific evidence for people with frailty, so the committee could not recommend a particular method of assessment or cutoff for prescribing SGLT-2 inhibitors. The decision would need to be made based on clinical judgement, taking into account the needs of each person. The committee recommended medicines for this group based on: • their own expertise • common medicine contraindications in this group • their knowledge of which medicines were likely to have the most manageable side effects. The committee did not recommend GLP-1 receptor agonists and tirzepatide for people with frailty. However, they agreed that there is no additional safety risk for this population. Therefore, if a person has a relevant indication and frailty, they can still be offered a GLP-1 receptor agonists or tirzepatide. How the recommendations might affect practice Metformin The recommendations about the use of metformin may lead to a change in current practice but should not lead to a significant cost or resource impact. The price of © NICE 2026. All rights reserved. Subject to Notice of rights (https://www.nice.org.uk/terms- Page 100 of and-conditions#notice-of-rights). 124 Type 2 diabetes in adults: management (NG28) modified-release metformin can fluctuate but, in December 2025, was lower than the cost of standard-release metformin. DPP-4 inhibitors The recommendations about the use of DPP-4 inhibitors should not reflect a change in current practice. Return to recommendations How to introduce medicines Recommendations 1.20.2 to 1.21.3 Why the committee made the recommendations When starting first-line therapy with metformin and other medicines, the committee noted the importance of introducing the medicines sequentially. This enables any side effects and intolerances from the first medicine to be identified before the second is introduced. In line with current practice, the committee recommended starting with metformin and then adding the SGLT-2 inhibitor without delay once metformin tolerability at the highest achievable dose is established, to avoid people remaining on metformin alone for prolonged periods. The committee agreed that sudden reductions in HbA1c can increase the risk of diabetic retinopathy and ischaemic maculopathy, especially with GLP-1 receptor agonists and tirzepatide. Given this safety concern, they highlighted relevant recommendations in NICE's guideline on diabetic retinopathy for further guidance for anyone starting these medicines. Preventing diabetic ketoacidosis when taking SGLT-2 inhibitors The committee noted some particularly important safety considerations to take into account before an adult with type 2 diabetes starts on an SGLT-2 inhibitor. In the committee's experience there have been multiple instances of avoidable diabetes ketoacidosis (DKA) resulting in hospital admission. The committee highlighted some factors that might put someone at higher risk of DKA, but the list is not intended to be exhaustive. Addressing modifiable risk factors before starting an SGLT-2 inhibitor could © NICE 2026. All rights reserved. Subject to Notice of rights (https://www.nice.org.uk/terms- Page 101 of and-conditions#notice-of-rights). 124 Type 2 diabetes in adults: management (NG28) reduce the risk of DKA and make the medicine safer for the person with type 2 diabetes. The committee agreed that taking these""
 'experience, insulin may also be a good option for people who cannot tolerate other medicines. Therefore, they recommended insulin alongside other options for people who need further medicines to reach their individualised glycaemic targets. How the recommendations might affect practice These recommendations are likely to be a change from current practice, with wider access to therapies with more recent evidence of clinical and cost effectiveness. Subcutaneous semaglutide Subcutaneous semaglutide is a GLP-1 receptor agonist. GLP-1 receptor agonists were previously recommended after triple therapy with metformin and 2 other oral medicines was not effective, tolerated or contraindicated. Therefore, recommending the treatment as triple therapy after taking metformin and 1 oral medicine (an SGLT-2 inhibitor) may lead to increases in costs. The committee agreed this will likely reduce over time, because the cardiovascular benefits and weight loss side effect of subcutaneous semaglutide will reduce the number of appointments needed to treat atherosclerotic cardiovascular disease. An increase in subcutaneous semaglutide use will reduce DPP-4 inhibitor use. Early intervention could lead to weight loss as a beneficial side effect and so to a better long-term prognosis, which, if maintained, will reduce: • long-term treatment requirements and © NICE 2026. All rights reserved. Subject to Notice of rights (https://www.nice.org.uk/terms- Page 109 of and-conditions#notice-of-rights). 124 Type 2 diabetes in adults: management (NG28) • the need for later stage treatments (such as insulin) and • downstream treatment costs. Sulfonylureas, pioglitazone and insulin The recommendations on sulfonylureas, pioglitazone and insulin do not reflect a significant change in current practice and are unlikely to increase resource use. The use of more intensive earlier treatment may lead to a reduction in the use of insulin, which may offset costs in the long term. Return to recommendations Further treatment: people with early onset type 2 diabetes Recommendations 1.28.1 to 1.28.3 Why the committee made the recommendations GLP-1 receptor agonists and tirzepatide Though there were no clinical trials focusing solely on people with early onset diabetes, there was good evidence in the wider population of people with type 2 diabetes, which the committee agreed could be extrapolated to people with early onset type 2 diabetes. It showed that GLP-1 receptor agonists reduce the risk of cardiovascular events and lead to weight loss as a side effect. Based on their experience, the committee agreed that people with early onset type 2 diabetes: • have a very high lifetime risk of cardiovascular and renal complications, and of dying from them, and • are more likely to be living with obesity. Taking this into account, they agreed that, if not started as initial therapy, starting a GLP-1 receptor agonist or tirzepatide as subsequent therapy was likely the most appropriate treatment because it could help to reduce long-term cardiovascular, renal and glycaemic complications better than other medications, while also reducing weight as a side effect. © NICE 2026. All rights reserved. Subject to Notice of rights (https://www.nice.org.uk/terms- Page 110 of and-conditions#notice-of-rights). 124 Type 2 diabetes in adults: management (NG28) DPP-4 inhibitors (for people not taking a'
 ""the section on discussing results and referral in NICE's guideline on overweight and obesity), consider continuing any medicines that have contributed to this. [2026] 1.24.2 Consider continuing SGLT-2 inhibitors for their cardiovascular or renal benefits, even if they do not help the person reach their individualised glycaemic targets. [2026] 1.24.3 Stop GLP-1 receptor agonists or tirzepatide if the person becomes underweight (BMI under 18.5 kg/m2). [2026] 1.24.4 Stop GLP-1 receptor agonists or tirzepatide if they do not help the person reach their individualised glycaemic targets and they are not being taken for their © NICE 2026. All rights reserved. Subject to Notice of rights (https://www.nice.org.uk/terms-and- Page 41 of conditions#notice-of-rights). 124 Type 2 diabetes in adults: management (NG28) cardiovascular benefits. [2026] 1.24.5 Take into account adverse effects from combining medicines (for example hypoglycaemia). [2022, amended 2026] 1.24.6 Do not offer both a GLP-1 receptor agonist or tirzepatide and a DPP-4 inhibitor together to treat type 2 diabetes. [2026] For a short explanation of why the committee made the 2026 recommendations and how they might affect practice, see the rationale and impact section on reviewing medicines. Full details of the evidence and the committee's discussion are in: • evidence review E: initial management • evidence review F: subsequent management. © NICE 2026. All rights reserved. Subject to Notice of rights (https://www.nice.org.uk/terms-and- Page 42 of conditions#notice-of-rights). 124 Type 2 diabetes in adults: management (NG28) Further medication People have the right to be involved in discussions and make informed decisions about their care, as described in NICE's information on making decisions about your care. Making decisions using NICE guidelines explains how we use words to show the strength (or certainty) of our recommendations, and has information about prescribing medicines (including off-label use), professional guidelines, standards and laws (including on consent and mental capacity), and safeguarding. Healthcare professionals should follow our general guidelines for people delivering care: • Patient experience in adult NHS services • Shared decision making • Medicines adherence • Medicines optimisation • Multimorbidity • Decision making and mental capacity. Read this guideline alongside the NHS Type 2 diabetes Path to Remission Programme. See the visual summary for an overview of the recommendations and additional information to support medicine choice up to the point at which a person starts insulin- based treatment. © NICE 2026. All rights reserved. Subject to Notice of rights (https://www.nice.org.uk/terms-and- Page 43 of conditions#notice-of-rights). 124 Type 2 diabetes in adults: management (NG28) Recommendations in this section that cover dipeptidyl peptidase-4 (DPP-4) inhibitors, glucagonlike peptide-1 (GLP-1) receptor agonists, sulfonylureas and sodium–glucose cotransporter-2 (SGLT-2) inhibitors refer to each of these groups of medicines at class level. For GLP-1 receptor agonists, at the time of publication (February 2026) this only includes liraglutide, dulaglutide, and semaglutide. For subcutaneous semaglutide (Ozempic), this only includes doses up to 1 mg once a week. SGLT-2 inhibitors and GLP-1 receptor agonists are recommended as much for their cardiovascular and renal benefits as for their glycaemic benefits (unless otherwise specified). Healthcare professionals should also refer to the summary""
 'lead to a change in current practice but should not lead to a significant cost or resource impact. The price of modified-release metformin can fluctuate but, in December 2025, was lower than the cost of standard-release metformin. SGLT-2 inhibitors SGLT-2 inhibitors were recommended by NICE in 2022. They were recommended for: • all people with chronic heart failure • some people at high risk of developing cardiovascular disease. However, real-world evidence shows that SGLT-2 inhibitors are under-prescribed throughout the UK. The recommendations may increase the number of people who are offered SGLT-2 inhibitors, which will increase prescribing costs. But the long-term medicine cost associated with broader access to SGLT-2 inhibitors may be partially offset if it results in fewer people needing treatment for atherosclerotic cardiovascular disease or hospitalisation for heart failure. Number of appointments related to these medicines The recommendations may lead to an increase in the number of appointments required to optimise the medications being added. The committee believes this can be managed and will lead to reductions long term because: © NICE 2026. All rights reserved. Subject to Notice of rights (https://www.nice.org.uk/terms-and- Page 84 of conditions#notice-of-rights). 124 Type 2 diabetes in adults: management (NG28) • SGLT-2 inhibitors can be prescribed at the same time as metformin, with a plan for starting medicines sequentially • the cardiovascular and renal benefits of SGLT-2 inhibitors will reduce the number of appointments needed to treat atherosclerotic cardiovascular disease, established heart failure and chronic kidney disease. Return to recommendations Initial medicines: people with atherosclerotic cardiovascular disease Recommendations 1.15.1 and 1.15.2 Why the committee made the recommendations Metformin and SGLT-2 inhibitors There is a significant body of evidence showing that type 2 diabetes management should aim at holistic health improvements (in particular, cardiovascular and renal protection), rather than just HbA1c targets. Overall, network and pairwise meta-analyses comparing antidiabetic therapies showed that therapy combining metformin with an SGLT-2 inhibitor was more clinically effective at reducing HbA1c, weight and cardiovascular events than: • any other therapy combining metformin with 1 other medicine, and • metformin alone. Cardiovascular events covered included cardiovascular mortality, myocardial infarction, non-fatal stroke and hospitalisation for heart failure. Evidence showed that canagliflozin and dapagliflozin reduced the risk of end-stage renal failure. The committee agreed that therapy combining metformin with an SGLT-2 inhibitor is the most clinically effective option for people with atherosclerotic cardiovascular disease and recommended this as the standard initial treatment. © NICE 2026. All rights reserved. Subject to Notice of rights (https://www.nice.org.uk/terms-and- Page 85 of conditions#notice-of-rights). 124 Type 2 diabetes in adults: management (NG28) Data on health inequalities showed that people living in the most deprived areas experience the greatest benefits for their health from SGLT-2 inhibitors. The committee believe this is an important reason for ensuring universal access to SGLT-2 inhibitors. During the 2026 update of the guideline, the committee was aware of the large reduction in price of dapagliflozin because generic versions of the medicine were becoming available. They did not make a recommendation for this specific medicine, acknowledging']","SGLT-2 inhibitors should be continued even if they do not help the person reach their individualised glycaemic targets, because they provide cardiovascular or renal benefits beyond glycaemic control.",1.0,0.880286420863093,0.6999999999766667,1.0
What further medicines should be added when initial therapy fails to reach glycaemic targets in adults with type 2 diabetes and no relevant comorbidity?,"When initial therapy fails to reach glycaemic targets in adults with type 2 diabetes and no relevant comorbidity, consider adding one of the following medicines to the treatment regimen:

1. **SGLT-2 inhibitor**  
2. **GLP-1 receptor agonist**  
3. **DPP-4 inhibitor**  
4. **Sulfonylurea**  
5. **Pioglitazone**  
6. **Insulin**

The choice of medicine should be based on individual factors such as HbA1c levels, weight, cardiovascular and renal considerations, and patient preferences. Avoid combining a GLP-1 receptor agonist or tirzepatide with a DPP-4 inhibitor.","['suitable or not are not suitable or not receptor agonist) effective effective effective (alternative to (alternative to (alternative to pioglitazone or insulin) sulfonylurea or insulin) sulfonylurea or Type 2 pioglitazone) diabetes and obesity Offer to add to initial Offer to add to initial Offer to add to initial treatment if: treatment if: treatment if: • the person needs • the person needs • the person needs further medicines to further medicines to further medicines to reach their glycaemic reach their glycaemic reach their glycaemic target and target and target and • they are already • they are already • they are already taking taking a GLP-1 taking a GLP-1 a GLP-1 receptor receptor agonist or receptor agonist or agonist or tirzepatide tirzepatide tirzepatide (alternative to (alternative to (alternative to sulfonylurea or pioglitazone or insulin) sulfonylurea or insulin) pioglitazone) This diagram covers only part of the guideline content. For full details, see Type 2 diabetes in adults: management. © NICE 2026. All rights reserved. Subject to Notice of rights. Last updated March 2026. ISBN 978-1-4731-9389-5. Type 2 diabetes in adults: summary of medicines recommendations Page 3 of 3 Modified release GLP-1 receptor SGLT-2 inhibitor Tirzepatide DPP-4 inhibitor Sulfonylurea Pioglitazone Insulin metformin agonist Offer as initial treatment Offer as initial treatment Consider adding to Consider adding to Consider adding to Consider adding to with an SGLT-2 inhibitor with metformin, or initial treatment if the initial treatment if: initial treatment if: initial treatment if: as monotherapy if person needs further • the person needs • the person needs • the person needs metformin is not suitable medicines to reach their further medicines to further medicines to further medicines to glycaemic target reach their glycaemic reach their glycaemic reach their glycaemic target and target and target and • a DPP-4 inhibitor is • a DPP-4 inhibitor is • a DPP-4 inhibitor is not suitable or not not suitable or not not suitable or not effective effective effective Type 2 (alternative to (alternative to (alternative to pioglitazone or insulin) sulfonylurea or insulin) sulfonylurea or diabetes and pioglitazone) No recommendation: No recommendation: chronic kidney see recommendations see recommendations disease (CKD) for other comorbidities for other comorbidities if relevant if relevant Consider adding to Consider adding to Consider adding to eGFR above initial treatment if: initial treatment if: initial treatment if: 30 ml/min/1.73 m2 • the person needs • the person needs • the person needs further medicines to further medicines to further medicines to reach their glycaemic reach their glycaemic reach their glycaemic target and target and target and • they are already taking • they are already taking • they are already taking a DPP-4 inhibitor a DPP-4 inhibitor a DPP-4 inhibitor (alternative to (alternative to (alternative to pioglitazone or insulin) sulfonylurea or insulin) sulfonylurea or pioglitazone) This diagram covers only part of the guideline content. For full details, see Type 2 diabetes in adults: management. © NICE 2026. All rights reserved. Subject to Notice of rights. Last updated March 2026. ISBN 978-1-4731-9389-5.'
 'experience, insulin may also be a good option for people who cannot tolerate other medicines. Therefore, they recommended insulin alongside other options for people who need further medicines to reach their individualised glycaemic targets. How the recommendations might affect practice These recommendations are likely to be a change from current practice, with wider access to therapies with more recent evidence of clinical and cost effectiveness. Subcutaneous semaglutide Subcutaneous semaglutide is a GLP-1 receptor agonist. GLP-1 receptor agonists were previously recommended after triple therapy with metformin and 2 other oral medicines was not effective, tolerated or contraindicated. Therefore, recommending the treatment as triple therapy after taking metformin and 1 oral medicine (an SGLT-2 inhibitor) may lead to increases in costs. The committee agreed this will likely reduce over time, because the cardiovascular benefits and weight loss side effect of subcutaneous semaglutide will reduce the number of appointments needed to treat atherosclerotic cardiovascular disease. An increase in subcutaneous semaglutide use will reduce DPP-4 inhibitor use. Early intervention could lead to weight loss as a beneficial side effect and so to a better long-term prognosis, which, if maintained, will reduce: • long-term treatment requirements and © NICE 2026. All rights reserved. Subject to Notice of rights (https://www.nice.org.uk/terms- Page 109 of and-conditions#notice-of-rights). 124 Type 2 diabetes in adults: management (NG28) • the need for later stage treatments (such as insulin) and • downstream treatment costs. Sulfonylureas, pioglitazone and insulin The recommendations on sulfonylureas, pioglitazone and insulin do not reflect a significant change in current practice and are unlikely to increase resource use. The use of more intensive earlier treatment may lead to a reduction in the use of insulin, which may offset costs in the long term. Return to recommendations Further treatment: people with early onset type 2 diabetes Recommendations 1.28.1 to 1.28.3 Why the committee made the recommendations GLP-1 receptor agonists and tirzepatide Though there were no clinical trials focusing solely on people with early onset diabetes, there was good evidence in the wider population of people with type 2 diabetes, which the committee agreed could be extrapolated to people with early onset type 2 diabetes. It showed that GLP-1 receptor agonists reduce the risk of cardiovascular events and lead to weight loss as a side effect. Based on their experience, the committee agreed that people with early onset type 2 diabetes: • have a very high lifetime risk of cardiovascular and renal complications, and of dying from them, and • are more likely to be living with obesity. Taking this into account, they agreed that, if not started as initial therapy, starting a GLP-1 receptor agonist or tirzepatide as subsequent therapy was likely the most appropriate treatment because it could help to reduce long-term cardiovascular, renal and glycaemic complications better than other medications, while also reducing weight as a side effect. © NICE 2026. All rights reserved. Subject to Notice of rights (https://www.nice.org.uk/terms- Page 110 of and-conditions#notice-of-rights). 124 Type 2 diabetes in adults: management (NG28) DPP-4 inhibitors (for people not taking a'
 ""Type 2 diabetes in adults: choosing, reviewing and changing medicines DDiieett aanndd hheeaalltthhyy lliivviinngg aaddvviiccee At each point, reinforce advice about diet and other aspects of healthy living (also see the NICE guideline on overweight and obesity and the NHS better health website). IInnvvoollvviinngg ppeeooppllee iinn mmeeddiicciinnee ddiissccuussssiioonnss Discuss the benefits and risks of each medicine treatment option with adults with type 2 diabetes, and support them to make an informed decision about their treatment. Take into account the: • effect of each medicine on HbA1c and weight • effectiveness of each medicine at preventing and managing cardiovascular and renal conditions • factors that might prevent the person from following a specific treatment option (for example, pioglitazone is contraindicated for people with heart failure) • cost: when more than 1 medicine from the same drug class are equally suitable for the person, use the least expensive. If a person has more than one comorbidity (for example, atherosclerotic cardiovascular disease and obesity; see recommendation 1.9.3), make a shared decision with them about which comorbidity to prioritise when choosing medicines. Take into account: medicines required for cardiovascular and renal protection (for example, subcutaneous semaglutide (Ozempic) for people with atherosclerotic cardiovascular disease), medicines that are contraindicated (for example, metformin for people with chronic kidney disease and an eGFR of less than 30 mL/min/1.73 m2), and any other medicines they are taking and at what dose, particularly if the person has frailty (see recommendations for people with frailty in the initial medicines section). Give clear sick day rules in each person’s individualised treatment plan (also see the guideline section on sick day rules). RReevviieewwiinngg mmeeddiicciinneess When reviewing treatments, make a shared decision about changes with the person with type 2 diabetes. See the recommendations on involving people in medicine discussions. Optimise their current treatment regimen before changing treatments, taking into account factors such as: • adverse effects • prescribed doses and formulations • adherence to, and management of, existing medicines • the need to revisit advice about diet and healthy living. If response to medicines suggests that type 2 diabetes might not be the correct diagnosis, see the recommendations on initial diagnosis and revisiting initial diagnosis in NICE's guideline on managing type 1 diabetes. If the person has reached their individualised glycaemic and weight targets (as defined in NICE's guideline on overweight and obesity), consider continuing any medicines that have contributed to this. Consider continuing SGLT-2 inhibitors for their cardiovascular or renal benefits, even if they do not help the person reach their individualised glycaemic targets. Stop GLP-1 receptor agonists or tirzepatide if: • the person becomes underweight (BMI under 18.5 kg/m2), or • they do not help the person reach their individualised glycaemic targets and they are not being taken for their cardiovascular benefits. Do not offer a GLP-1 receptor agonist or tirzepatide and a DPP-4 inhibitor together to treat type 2 diabetes. PPeeooppllee aallrreeaaddyy oonn ssttaannddaarrdd--rreelleeaassee mmeettffoorrmmiinn Continue standard-release metformin if it is effective. Switch to modified-release metformin if standard-release metformin is""
 'as monotherapy if needs further medicines • the person needs • the person needs metformin is not suitable to reach their glycaemic further medicines to further medicines to target reach their glycaemic reach their glycaemic Type 2 No recommendation: No recommendation: target and target and see recommendations see recommendations • a DPP-4 inhibitor is • a DPP-4 inhibitor is diabetes and Contraindicated for other comorbidities for other comorbidities not suitable or not not suitable or not heart failure if relevant if relevant effective effective (alternative to insulin) (alternative to sulfonylurea) Offer as initial treatment Offer as initial treatment Offer as initial Offer to add to initial Offer to add to initial Offer to add to initial Type 2 with an SGLT-2 inhibitor with metformin and treatment subcutaneous treatment if the person treatment if the person treatment if the person diabetes and and semaglutide (GLP-1 semaglutide (GLP-1 semaglutide (Ozempic) needs further medicines needs further medicines needs further medicines atherosclerotic receptor agonist) receptor agonist), or up to 1 mg once a week to reach their glycaemic to reach their glycaemic to reach their glycaemic with semaglutide if with metformin and an target (alternative to target (alternative to target (alternative cardiovascular metformin is not suitable SGLT-2 inhibitor, or with pioglitazone or insulin) sulfonylurea or insulin) to sulfonylurea or disease an SGLT-2 inhibitor if pioglitazone) (ASCVD) metformin is not suitable No recommendation No recommendation ASCVD at diagnosis or if the person develops it after starting initial treatment This diagram covers only part of the guideline content. For full details, see Type 2 diabetes in adults: management. © NICE 2026. All rights reserved. Subject to Notice of rights. Last updated March 2026. ISBN 978-1-4731-9389-5. Type 2 diabetes in adults: summary of medicines recommendations Page 2 of 3 MMooddiiffiieedd rreelleeaassee GGLLPP--11 rreecceeppttoorr SSGGLLTT--22 iinnhhiibbiittoorr TTiirrzzeeppaattiiddee DDPPPP--44 iinnhhiibbiittoorr SSuullffoonnyylluurreeaa PPiioogglliittaazzoonnee IInnssuulliinn mmeettffoorrmmiinn aaggoonniisstt Offer as initial treatment Offer as initial treatment Consider, as initial Consider, as initial Offer to add to initial Offer to add to initial Offer to add to initial Offer to add to initial with an SGLT-2 inhibitor with metformin, or treatment, with treatment, with treatment if: treatment if: treatment if: treatment if: as monotherapy if metformin and an metformin and an • the person needs • the person needs • the person needs • the person needs metformin is not suitable SGLT-2 inhibitor (for its SGLT-2 inhibitor (for its further medicines to further medicines to further medicines to further medicines to cardiovascular, renal and glycaemic benefits) or reach their glycaemic reach their glycaemic reach their glycaemic reach their glycaemic glycaemic benefits) or with an SGLT-2 inhibitor target and target and target and target and with an SGLT-2 inhibitor alone if metformin is not alone if metformin is not suitable • a GLP-1 receptor • a GLP-1 receptor • a GLP-1 receptor • a GLP-1 receptor suitable agonist or tirzepatide agonist, tirzepatide agonist, tirzepatide agonist, tirzepatide (alternative to GLP-1 are not suitable or a DPP-4 inhibitor or a DPP-4 inhibitor or a DPP-4 inhibitor'
 ""pen devices for subcutaneous injection are: • £133.00 for 2.5 mg • £180.00 for 5 mg • £255.00 for 7.5 mg and 10 mg • £330.00 for 12.5 mg and 15 mg. 2.4 The company has a commercial arrangement. This makes tirzepatide available to the NHS at a cost-effective price determined by NICE. The details of this arrangement are commercial in confidence. © NICE 2026. All rights reserved. Subject to Notice of rights (https://www.nice.org.uk/terms-and- Page 6 of conditions#notice-of-rights). 25 Tirzepatide for treating type 2 diabetes (TA924) 3 Committee discussion The evaluation committee considered evidence submitted by Eli Lilly, a review of this submission by the external assessment group (EAG), and response from the company. See the committee papers for full details of the evidence. Clinical management Unmet need 3.1 Type 2 diabetes is a chronic metabolic condition caused by reduced tissue sensitivity to insulin (known as insulin resistance) and loss of endogenous insulin production. This leads to elevated blood glucose levels (hyperglycaemia). Type 2 diabetes is serious and sometimes progressive condition that can greatly affect the health and wellbeing of people with it. If not managed effectively, it can lead to devastating, life-changing complications. An estimated 90% of adults with type 2 diabetes are living with overweight or obesity at diagnosis. This is linked to difficulties in managing blood glucose levels and to an increased risk of complications. The clinical experts explained that there are 8 different classes of glucose lowering treatments available (in addition to lifestyle interventions; see section 3.2). But despite this, fewer than 2 in 3 people with type 2 diabetes have HbA1c levels below 53 mmol/mol (7%), highlighting the need for further treatment options. The committee noted the high unmet need for new treatment options in type 2 diabetes. Treatment options 3.2 Treatment options in diabetes are tailored to the individual circumstances of people with type 2 diabetes, such as their HbA1c levels, cardiovascular risk and kidney function. Current first-line treatment options in NHS practice include: • metformin for people not at high risk of cardiovascular disease • metformin plus a sodium glucose co-transporter 2 (SGLT2) inhibitor for © NICE 2026. All rights reserved. Subject to Notice of rights (https://www.nice.org.uk/terms-and- Page 7 of conditions#notice-of-rights). 25 Tirzepatide for treating type 2 diabetes (TA924) people at high risk of cardiovascular disease • a dipeptidyl peptidase-4 (DPP-4) inhibitor, pioglitazone, sulfonylurea or an SGLT2 inhibitor if metformin is contraindicated. If a person's HbA1c levels are not controlled below an individually agreed threshold, second-line treatment involves switching to or adding a DPP-4 inhibitor, pioglitazone, sulfonylurea or an SGLT2 inhibitor. People can also switch to or add an SGLT2 inhibitor if they develop cardiovascular disease or a high risk of cardiovascular disease. If dual therapy is not adequately controlling HbA1c levels, people can either start triple therapy by adding another oral antidiabetic drug, or start insulin-based treatment (with or without other drugs). If triple therapy with metformin and 2 other oral antidiabetics is ineffective, not tolerated or contraindicated, people can switch one""]","For adults with type 2 diabetes and no relevant comorbidity who need further medicines to reach their individualised glycaemic targets, a DPP-4 inhibitor is the first choice. If a DPP-4 inhibitor is not effective or tolerated, a sulfonylurea or pioglitazone should be considered. Insulin-based treatment is reserved for specific scenarios such as managing acute hyperglycaemia.",1.0,0.8691692504952991,0.99999999998,1.0
When should a third agent be added for a patient with type 2 diabetes on dual therapy who has not reached their HbA1c target?,"A third agent should be added for a patient with type 2 diabetes on dual therapy if their HbA1c levels are not adequately controlled and rise to 58 mmol/mol (7.5%) or higher, despite reinforcement of advice on diet, healthy living, and adherence to medicines. The goal is to support the patient in aiming for an HbA1c level of 53 mmol/mol (7.0%) and intensify their treatment regimen. 

Guideline references used: [1], [2]","[""Type 2 diabetes in adults: management (NG28) • 3 to 6 months (tailored to individual needs) until HbA1c is stable on unchanging therapy • 6 months once the HbA1c level and blood glucose lowering therapy are stable. [2015] 1.5.2 Measure HbA1c using methods calibrated according to International Federation of Clinical Chemistry (IFCC) standardisation. [2015] 1.5.3 If HbA1c monitoring is invalid because of disturbed erythrocyte turnover or abnormal haemoglobin type, estimate trends in blood glucose control using one of the following: • quality-controlled plasma glucose profiles • total glycated haemoglobin estimation (if abnormal haemoglobins) • fructosamine estimation. [2015] 1.5.4 Investigate unexplained discrepancies between HbA1c and other glucose measurements. Seek advice from a team with specialist expertise in diabetes or clinical biochemistry. [2015] Targets NICE has produced a patient decision aid on agreeing HbA1c targets, which also covers factors to weigh up when discussing HbA1c targets with patients. 1.5.5 Discuss and agree an individual HbA1c target with adults with type 2 diabetes (see recommendations 1.5.6 to 1.5.10). Encourage them to reach their target and maintain it, unless any resulting adverse effects (including hypoglycaemia), or their efforts to achieve their target impair their quality of life. Think about using the NICE patient decision aid on weighing up HbA1c targets to support these discussions. [2015, amended 2022] 1.5.6 Offer advice on healthy living, and medicines, to support adults with type 2 diabetes to reach and maintain their HbA1c target (see the sections on dietary © NICE 2026. All rights reserved. Subject to Notice of rights (https://www.nice.org.uk/terms-and- Page 16 of conditions#notice-of-rights). 124 Type 2 diabetes in adults: management (NG28) advice, bariatric surgery, and person-centred medicines, and the NHS Better Health website). For more information about supporting adherence, see NICE's guideline on medicines adherence. [2015, amended 2026] 1.5.7 For adults whose type 2 diabetes is managed either by healthy living and diet, or healthy living and diet combined with an initial medication regimen that is not associated with hypoglycaemia (see the section on initial medicines), support them to aim for an HbA1c level of 48 mmol/mol (6.5%). For adults on a medicine associated with hypoglycaemia, support them to aim for an HbA1c level of 53 mmol/mol (7.0%). [2015, amended 2026] 1.5.8 In adults with type 2 diabetes, if HbA1c levels are not adequately controlled by the initial medication regimen and rise to 58 mmol/mol (7.5%) or higher: • reinforce advice about diet, healthy living and adherence to medicines and • support the person to aim for an HbA1c level of 53 mmol/mol (7.0%) and • intensify medicines. [2015, amended 2026] 1.5.9 Consider relaxing the target HbA1c level (see recommendations 1.5.7 and 1.5.8 and NICE's patient decision aid on type 2 diabetes: agreeing someone's blood glucose (HbA1c) target) on a case-by-case basis and in discussion with adults with type 2 diabetes, with particular consideration for people who are older or frailer, if: • they are unlikely to achieve longer-term risk-reduction benefits, for example, people with a reduced life expectancy • tight blood glucose control would put them""
 ""pen devices for subcutaneous injection are: • £133.00 for 2.5 mg • £180.00 for 5 mg • £255.00 for 7.5 mg and 10 mg • £330.00 for 12.5 mg and 15 mg. 2.4 The company has a commercial arrangement. This makes tirzepatide available to the NHS at a cost-effective price determined by NICE. The details of this arrangement are commercial in confidence. © NICE 2026. All rights reserved. Subject to Notice of rights (https://www.nice.org.uk/terms-and- Page 6 of conditions#notice-of-rights). 25 Tirzepatide for treating type 2 diabetes (TA924) 3 Committee discussion The evaluation committee considered evidence submitted by Eli Lilly, a review of this submission by the external assessment group (EAG), and response from the company. See the committee papers for full details of the evidence. Clinical management Unmet need 3.1 Type 2 diabetes is a chronic metabolic condition caused by reduced tissue sensitivity to insulin (known as insulin resistance) and loss of endogenous insulin production. This leads to elevated blood glucose levels (hyperglycaemia). Type 2 diabetes is serious and sometimes progressive condition that can greatly affect the health and wellbeing of people with it. If not managed effectively, it can lead to devastating, life-changing complications. An estimated 90% of adults with type 2 diabetes are living with overweight or obesity at diagnosis. This is linked to difficulties in managing blood glucose levels and to an increased risk of complications. The clinical experts explained that there are 8 different classes of glucose lowering treatments available (in addition to lifestyle interventions; see section 3.2). But despite this, fewer than 2 in 3 people with type 2 diabetes have HbA1c levels below 53 mmol/mol (7%), highlighting the need for further treatment options. The committee noted the high unmet need for new treatment options in type 2 diabetes. Treatment options 3.2 Treatment options in diabetes are tailored to the individual circumstances of people with type 2 diabetes, such as their HbA1c levels, cardiovascular risk and kidney function. Current first-line treatment options in NHS practice include: • metformin for people not at high risk of cardiovascular disease • metformin plus a sodium glucose co-transporter 2 (SGLT2) inhibitor for © NICE 2026. All rights reserved. Subject to Notice of rights (https://www.nice.org.uk/terms-and- Page 7 of conditions#notice-of-rights). 25 Tirzepatide for treating type 2 diabetes (TA924) people at high risk of cardiovascular disease • a dipeptidyl peptidase-4 (DPP-4) inhibitor, pioglitazone, sulfonylurea or an SGLT2 inhibitor if metformin is contraindicated. If a person's HbA1c levels are not controlled below an individually agreed threshold, second-line treatment involves switching to or adding a DPP-4 inhibitor, pioglitazone, sulfonylurea or an SGLT2 inhibitor. People can also switch to or add an SGLT2 inhibitor if they develop cardiovascular disease or a high risk of cardiovascular disease. If dual therapy is not adequately controlling HbA1c levels, people can either start triple therapy by adding another oral antidiabetic drug, or start insulin-based treatment (with or without other drugs). If triple therapy with metformin and 2 other oral antidiabetics is ineffective, not tolerated or contraindicated, people can switch one""
 'suitable or not are not suitable or not receptor agonist) effective effective effective (alternative to (alternative to (alternative to pioglitazone or insulin) sulfonylurea or insulin) sulfonylurea or Type 2 pioglitazone) diabetes and obesity Offer to add to initial Offer to add to initial Offer to add to initial treatment if: treatment if: treatment if: • the person needs • the person needs • the person needs further medicines to further medicines to further medicines to reach their glycaemic reach their glycaemic reach their glycaemic target and target and target and • they are already • they are already • they are already taking taking a GLP-1 taking a GLP-1 a GLP-1 receptor receptor agonist or receptor agonist or agonist or tirzepatide tirzepatide tirzepatide (alternative to (alternative to (alternative to sulfonylurea or pioglitazone or insulin) sulfonylurea or insulin) pioglitazone) This diagram covers only part of the guideline content. For full details, see Type 2 diabetes in adults: management. © NICE 2026. All rights reserved. Subject to Notice of rights. Last updated March 2026. ISBN 978-1-4731-9389-5. Type 2 diabetes in adults: summary of medicines recommendations Page 3 of 3 Modified release GLP-1 receptor SGLT-2 inhibitor Tirzepatide DPP-4 inhibitor Sulfonylurea Pioglitazone Insulin metformin agonist Offer as initial treatment Offer as initial treatment Consider adding to Consider adding to Consider adding to Consider adding to with an SGLT-2 inhibitor with metformin, or initial treatment if the initial treatment if: initial treatment if: initial treatment if: as monotherapy if person needs further • the person needs • the person needs • the person needs metformin is not suitable medicines to reach their further medicines to further medicines to further medicines to glycaemic target reach their glycaemic reach their glycaemic reach their glycaemic target and target and target and • a DPP-4 inhibitor is • a DPP-4 inhibitor is • a DPP-4 inhibitor is not suitable or not not suitable or not not suitable or not effective effective effective Type 2 (alternative to (alternative to (alternative to pioglitazone or insulin) sulfonylurea or insulin) sulfonylurea or diabetes and pioglitazone) No recommendation: No recommendation: chronic kidney see recommendations see recommendations disease (CKD) for other comorbidities for other comorbidities if relevant if relevant Consider adding to Consider adding to Consider adding to eGFR above initial treatment if: initial treatment if: initial treatment if: 30 ml/min/1.73 m2 • the person needs • the person needs • the person needs further medicines to further medicines to further medicines to reach their glycaemic reach their glycaemic reach their glycaemic target and target and target and • they are already taking • they are already taking • they are already taking a DPP-4 inhibitor a DPP-4 inhibitor a DPP-4 inhibitor (alternative to (alternative to (alternative to pioglitazone or insulin) sulfonylurea or insulin) sulfonylurea or pioglitazone) This diagram covers only part of the guideline content. For full details, see Type 2 diabetes in adults: management. © NICE 2026. All rights reserved. Subject to Notice of rights. Last updated March 2026. ISBN 978-1-4731-9389-5.'
 'alone if metformin is not suitable • a GLP-1 receptor • a GLP-1 receptor • a GLP-1 receptor • a GLP-1 receptor suitable agonist or tirzepatide agonist, tirzepatide agonist, tirzepatide agonist, tirzepatide (alternative to GLP-1 are not suitable or a DPP-4 inhibitor or a DPP-4 inhibitor or a DPP-4 inhibitor (alternative to tirzepatide) receptor agonist) are not suitable or not are not suitable or not are not suitable or not effective effective effective (alternative to (alternative to (alternative to sulfonylurea Early onset pioglitazone or insulin) sulfonylurea or insulin) or pioglitazone) type 2 diabetes Consider adding to Consider adding to Offer to add to initial Offer to add to initial Offer to add to initial initial treatment if the initial treatment if the treatment if: treatment if: treatment if: person needs further person needs further • the person needs • the person needs • the person needs medicines to reach their medicines to reach their further medicines to further medicines to further medicines to glycaemic target glycaemic target reach their glycaemic reach their glycaemic reach their glycaemic (alternative to tirzepatide) (alternative to GLP-1 target and target and target and receptor agonist) • they are already • they are already • they are already taking taking a GLP-1 taking a GLP-1 a GLP-1 receptor receptor agonist or receptor agonist or agonist or tirzepatide tirzepatide tirzepatide (alternative to (alternative to (alternative to sulfonylurea or pioglitazone or insulin) sulfonylurea or insulin) pioglitazone) Offer as initial treatment Offer as initial treatment Consider adding to Consider adding to Offer to add to initial Offer to add to initial Offer to add to initial Offer to add to initial with an SGLT-2 inhibitor with metformin, or initial treatment if initial treatment if treatment if: treatment if: treatment if: treatment if: as monotherapy if • the person has been • the person has been • the person needs • the person needs • the person needs • the person needs metformin is not suitable taking this for at least taking this for at least further medicines to further medicines to further medicines to further medicines to 3 months and 3 months and reach their glycaemic reach their glycaemic reach their glycaemic reach their glycaemic • they need further • they need further target and target and target and target and medicines to reach medicines to reach • a GLP-1 receptor • a GLP-1 receptor • a GLP-1 receptor • a GLP-1 receptor their glycaemic target their glycaemic target agonist or tirzepatide agonist, tirzepatide agonist, tirzepatide agonist, tirzepatide are not suitable or not or a DPP-4 inhibitor or a DPP-4 inhibitor or a DPP-4 inhibitor (alternative to tirzepatide) (alternative to GLP-1 effective are not suitable or not are not suitable or not are not suitable or not receptor agonist) effective effective effective (alternative to (alternative to (alternative to pioglitazone or insulin) sulfonylurea or insulin) sulfonylurea or Type 2 pioglitazone) diabetes and obesity Offer to add to initial Offer to add to initial Offer to add to initial treatment if:'
 ""Type 2 diabetes in adults: choosing, reviewing and changing medicines DDiieett aanndd hheeaalltthhyy lliivviinngg aaddvviiccee At each point, reinforce advice about diet and other aspects of healthy living (also see the NICE guideline on overweight and obesity and the NHS better health website). IInnvvoollvviinngg ppeeooppllee iinn mmeeddiicciinnee ddiissccuussssiioonnss Discuss the benefits and risks of each medicine treatment option with adults with type 2 diabetes, and support them to make an informed decision about their treatment. Take into account the: • effect of each medicine on HbA1c and weight • effectiveness of each medicine at preventing and managing cardiovascular and renal conditions • factors that might prevent the person from following a specific treatment option (for example, pioglitazone is contraindicated for people with heart failure) • cost: when more than 1 medicine from the same drug class are equally suitable for the person, use the least expensive. If a person has more than one comorbidity (for example, atherosclerotic cardiovascular disease and obesity; see recommendation 1.9.3), make a shared decision with them about which comorbidity to prioritise when choosing medicines. Take into account: medicines required for cardiovascular and renal protection (for example, subcutaneous semaglutide (Ozempic) for people with atherosclerotic cardiovascular disease), medicines that are contraindicated (for example, metformin for people with chronic kidney disease and an eGFR of less than 30 mL/min/1.73 m2), and any other medicines they are taking and at what dose, particularly if the person has frailty (see recommendations for people with frailty in the initial medicines section). Give clear sick day rules in each person’s individualised treatment plan (also see the guideline section on sick day rules). RReevviieewwiinngg mmeeddiicciinneess When reviewing treatments, make a shared decision about changes with the person with type 2 diabetes. See the recommendations on involving people in medicine discussions. Optimise their current treatment regimen before changing treatments, taking into account factors such as: • adverse effects • prescribed doses and formulations • adherence to, and management of, existing medicines • the need to revisit advice about diet and healthy living. If response to medicines suggests that type 2 diabetes might not be the correct diagnosis, see the recommendations on initial diagnosis and revisiting initial diagnosis in NICE's guideline on managing type 1 diabetes. If the person has reached their individualised glycaemic and weight targets (as defined in NICE's guideline on overweight and obesity), consider continuing any medicines that have contributed to this. Consider continuing SGLT-2 inhibitors for their cardiovascular or renal benefits, even if they do not help the person reach their individualised glycaemic targets. Stop GLP-1 receptor agonists or tirzepatide if: • the person becomes underweight (BMI under 18.5 kg/m2), or • they do not help the person reach their individualised glycaemic targets and they are not being taken for their cardiovascular benefits. Do not offer a GLP-1 receptor agonist or tirzepatide and a DPP-4 inhibitor together to treat type 2 diabetes. PPeeooppllee aallrreeaaddyy oonn ssttaannddaarrdd--rreelleeaassee mmeettffoorrmmiinn Continue standard-release metformin if it is effective. Switch to modified-release metformin if standard-release metformin is""]","For adults with type 2 diabetes and no relevant comorbidity who need further medicines to reach their individualised glycaemic targets, a DPP-4 inhibitor is the first choice. If a DPP-4 inhibitor is not effective or tolerated, a sulfonylurea or pioglitazone should be considered. Insulin-based treatment is reserved for specific scenarios such as managing acute hyperglycaemia.",0.8,0.9281712399931128,0.0,1.0
